key,code,registrationTime,dueDate,quantity,tax,link,isPublished,key:sponsorship
invoice-01,IN-0000-0001,2020/11/11 03:33,2008/12/15 14:25,USD 540,18,https://soundcloud.com,false,sponsorship-01
invoice-02,IN-4726-9289,2005/11/12 07:17,2006/01/01 11:26,GBP 519.38,1.5,http://eepurl.com,false,sponsorship-03
invoice-03,IN-3487-2487,2020/01/28 13:37,2020/12/21 03:21,GBP 306.0,15,,false,sponsorship-05
invoice-04,IN-1933-9724,2000/04/12 21:16,2000/07/16 04:10,GBP 200.5,21,http://dion.ne.jp,false,sponsorship-07
invoice-05,IN-9999-9999,2009/11/14 08:29,2010/04/25 03:18,EUR 0.1,21,https://europa.eu,false,sponsorship-10
invoice-06,IN-5364-7717,2014/06/09 15:22,2014/11/02 11:49,GBP 128.9,30,,true,sponsorship-09
invoice-07,IN-9916-5061,2020/01/06 13:11,2004/01/15 06:09,USD 550,0.04,ftp://a.b,false,sponsorship-11
invoice-08,IN-9022-6408,2002/01/10 20:01,2002/09/22 17:32,GBP 700,21,ftp://ftp.example.com/file.zip,false,sponsorship-13
invoice-09,IN-7627-4343,2000/02/02 05:35,2016/11/14 06:32,EUR 51.69,13.35,http://example.org/a/b?a&b,false,sponsorship-15
invoice-10,IN-0857-2408,2010/11/25 01:50,2010/12/30 12:36,USD 2740.9,5,http://ifeng.com,false,sponsorship-13
invoice-11,IN-9759-6891,2007/05/20 11:13,2020/06/14 18:20,USD 1343.4,21,https://newyorker.com,false,sponsorship-14
invoice-12,IN-4034-1719,2014/04/17 04:31,2015/07/21 21:42,USD 9.90,10,https://godaddy.com,false,sponsorship-02
invoice-13,IN-9029-5741,2018/05/04 07:43,2018/08/05 23:30,EUR 700.89,12,,true,sponsorship-04
invoice-14,IN-5673-7542,2007/07/30 03:05,2007/09/02 04:44,GBP 890,5,,false,sponsorship-06
invoice-15,IN-1407-4179,2007/01/08 02:27,2007/11/22 19:29,USD 20.9,4,http://www.lorem-ipsum.org/dolor/sit.html#dolor,false,sponsorship-08
invoice-16,IN-5231-9319,2000/02/05 11:38,2006/06/06 23:44,EUR 1000000.00,15,http://www.lorem-ipsum.org/dolor/sit.html,false,sponsorship-10
invoice-17,IN-4273-5135,2003/07/31 04:55,2008/03/02 12:47,USD 627.8,0.0001,http://example.org/a/b?,false,sponsorship-12
invoice-18,IN-0463-6211,2011/02/22 14:29,2019/10/26 09:44,EUR 673.37,21,http://example.org?a=1&b=2,false,sponsorship-14
invoice-19,IN-6852-3430,2019/08/16 10:24,2020/01/16 02:04,EUR 518.33,0.5,http://2528652863.org/a/b?a&b,false,sponsorship-02
invoice-20,IN-7362-6597,2000/08/01 05:18,2013/03/15 23:36,GBP 9.1,0,http://example.org/a/b,false,sponsorship-04
invoice-21,IN-1791-1004,2011/02/23 05:58,2017/02/23 11:23,EUR 3148.86,8.42,,false,sponsorship-06
invoice-22,IN-3546-0466,2005/03/29 10:25,2017/03/09 00:05,USD 82.13,0,http://businesswire.com,true,sponsorship-08
invoice-23,IN-9584-8741,2015/12/05 08:42,2016/01/17 13:54,EUR 736.01,15,https://i2i.jp,false,sponsorship-03
invoice-24,IN-0858-5753,2008/07/23 07:28,2008/10/25 17:53,EUR 98.24,10,http://dion.ne.jp,false,sponsorship-10
invoice-25,IN-8635-4618,2019/09/08 08:50,2019/10/28 07:22,USD 99.04,0,http://마리포사.io,false,sponsorship-12
invoice-26,IN-6198-7170,2017/01/12 01:30,2017/02/24 09:18,EUR 864.14,21,,false,sponsorship-14
invoice-27,IN-9891-9555,2015/05/22 08:52,2015/10/03 21:03,USD 6.62,1.5,https://npr.org,false,sponsorship-13
invoice-28,IN-2156-7899,2001/01/28 19:58,2004/01/16 23:47,USD 429.5,0.5,http://fc2.com,false,sponsorship-11
invoice-29,IN-7864-4577,2006/06/07 16:17,2006/11/27 13:59,USD 923.3,4,http://wordpress.org,false,sponsorship-09
invoice-30,IN-3446-9249,2013/12/22 15:16,2015/08/08 09:31,GBP 74.44,15,https://unblog.fr,false,sponsorship-07
invoice-31,IN-7292-9935,2007/01/10 07:10,2016/05/12 12:29,EUR 39.7,18,https://miitbeian.gov.cn,false,sponsorship-05
invoice-32,IN-9304-6885,2009/06/09 21:10,2015/04/25 01:14,USD 3812.4,4,http://마리포사.com,false,sponsorship-03
invoice-33,IN-9050-7665,2017/09/08 12:08,2017/11/01 22:06,GBP 56.46,21,http://deviantart.com,false,sponsorship-01
invoice-34,IN-2983-2202,2014/10/03 23:36,2014/11/30 20:41,GBP 48.6,4,,false,sponsorship-15
invoice-35,IN-2904-8555,2020/01/29 00:00,2020/02/29 00:00,GBP 752.9,0.05,http://アマゾン.net,false,sponsorship-13
invoice-36,IN-0046-0833,2007/05/10 09:27,2014/06/13 15:29,EUR 2201.0,20,,false,sponsorship-11
invoice-37,IN-2253-2118,2020/01/30 21:16,2020/02/29 21:20,GBP 00.9,0,http://example.org?a,false,sponsorship-09
invoice-38,IN-5437-5389,2015/01/09 14:39,2018/05/20 00:06,GBP 763,1000000.00,,false,sponsorship-07
invoice-39,IN-5410-1508,2017/04/20 20:02,2019/12/26 12:25,EUR 3.22,0,http://ed.gov,false,sponsorship-05
invoice-40,IN-4060-1595,2020/06/13 06:24,2020/08/11 13:55,EUR 70.59,21,https://마리포사.com,false,sponsorship-03
invoice-41,IN-5079-8188,2000/10/06 19:06,2000/11/21 18:06,GBP 4562.0,11,http://example.org?a=1&b=2,false,sponsorship-01
invoice-42,IN-1935-5672,2021/02/18 14:38,2021/03/24 14:58,GBP 20000,0.5,http://google.co.uk,false,sponsorship-13
invoice-43,IN-8858-2753,2007/02/18 05:25,2010/02/06 14:39,USD 1000,21,https://hostgator.com,false,sponsorship-12
invoice-44,IN-8813-6778,2020/10/15 21:16,2020/11/15 21:16,EUR 1500,18,,true,sponsorship-10
invoice-45,IN-3684-8874,2002/05/16 12:06,2005/12/14 20:16,GBP 9000,4,https://naver.com,false,sponsorship-01
invoice-46,IN-2388-5138,2000/03/13 02:33,2016/08/15 02:28,USD 0.1,21,,false,sponsorship-08
invoice-47,IN-3985-0805,2021/12/08 11:46,2022/02/26 05:38,USD 8034.14,8.98,https://quantcast.com,false,sponsorship-06
invoice-48,IN-3722-6388,2003/10/15 03:13,2004/11/25 00:13,GBP 70000,0.5,https://마리포사.com,false,sponsorship-04
invoice-49,IN-2842-5779,2018/12/25 11:20,2019/11/13 18:23,USD 2800,10,,false,sponsorship-02
invoice-50,IN-6796-4633,2011/09/21 21:31,2011/11/02 05:46,USD 20000,21,http://アマゾン.cn,true,sponsorship-01
